name,price
Its Only the Himalayas,£45.17
Full Moon over Noahs Ark An Odyssey to Mount Ararat and Beyond,£49.43
See America A Celebration of Our National Parks  Treasured Sites,£48.87
Vagabonding An Uncommon Guide to the Art of LongTerm World Travel,£36.94
Under the Tuscan Sun,£37.33
A Summer In Europe,£44.34
The Great Railway Bazaar,£30.54
A Year in Provence Provence 1,£56.88
The Road to Little Dribbling Adventures of an American in Britain Notes From a Small Island 2,£23.21
Neither Here nor There Travels in Europe,£38.95
"1,000 Places to See Before You Die",£26.08
Sharp Objects,£47.82
"In a Dark, Dark Wood",£19.63
The Past Never Ends,£56.50
A Murder in Time,£16.64
The Murder of Roger Ackroyd Hercule Poirot 4,£44.10
The Last Mile Amos Decker 2,£54.21
That Darkness Gardiner and Renner 1,£13.92
Tastes Like Fear DI Marnie Rome 3,£10.69
A Time of Torment Charlie Parker 14,£48.35
A Study in Scarlet Sherlock Holmes 1,£16.73
Poisonous Max Revere Novels 3,£26.80
Murder at the 42nd Street Library Raymond Ambler 1,£54.36
Most Wanted,£35.28
Hide Away Eve Duncan 20,£11.84
Boar Island Anna Pigeon 19,£59.48
The Widow,£27.26
Playing with Fire,£13.71
What Happened on Beale Street Secrets of the South Mysteries 2,£25.37
The Bachelor Girls Guide to Murder Herringford and Watts Mysteries 1,£52.30
Delivering the Truth Quaker Midwife Mystery 1,£20.89
The Dirty Little Secrets of Getting Your Dream Job,£33.34
The Third Wave An Entrepreneurs Vision of the Future,£12.61
The 10 Entrepreneur Live Your Startup Dream Without Quitting Your Day Job,£27.55
Shoe Dog A Memoir by the Creator of NIKE,£23.99
Made to Stick Why Some Ideas Survive and Others Die,£38.85
Quench Your Own Thirst Business Lessons Learned Over a Beer or Two,£43.14
The Art of Startup Fundraising,£21.00
Born for This How to Find the Work You Were Meant to Do,£21.59
The EMyth Revisited Why Most Small Businesses Dont Work and What to Do About It,£36.91
"Rich Dad, Poor Dad",£51.74
The Lean Startup How Todays Entrepreneurs Use Continuous Innovation to Create Radically Successful Businesses,£33.92
Rework,£44.88
